row,mfg_part_num,confidence,band,needs_human_review,reasons,attribute_slots,mobile_desc_len,duplicate_group_size
1,DCB518ASTS06G,85,HIGH,False,mobile_desc_short,2,55,1
2,3MABR-7100075678,100,HIGH,False,,2,72,1
3,3MABR-7100045865,100,HIGH,False,,2,72,1
4,3MABR-7100048736,100,HIGH,False,,2,72,1
5,3MABR-7100075690,100,HIGH,False,,2,72,1
6,3MABR-7100075692,100,HIGH,False,,2,72,1
7,3MABR-7100145365,100,HIGH,False,,2,72,1
8,5B-332-080,85,HIGH,False,mobile_desc_short,2,57,1
9,5B-332-120,85,HIGH,False,mobile_desc_short,2,57,1
10,9A-570-240,85,HIGH,False,mobile_desc_short,2,58,1
11,9A-570-320,85,HIGH,False,mobile_desc_short,2,58,1
12,DBD090094101F,60,MEDIUM,False,no_attributes|mobile_desc_short,0,54,1
13,DBDS12125A01F,100,HIGH,False,,2,67,1
14,DBDS12125G01F,100,HIGH,False,,2,67,1
15,DBDS14125A01F,100,HIGH,False,,3,67,1
16,DBDS14125G01F,100,HIGH,False,,3,67,1
17,49-94-0013,100,HIGH,False,,1,73,1
18,49-94-0029,100,HIGH,False,,1,73,1
19,49-94-0033,100,HIGH,False,,1,73,1
20,49-94-0001,100,HIGH,False,,1,73,1
21,49-94-0039,100,HIGH,False,,1,73,1
22,49-94-0043,100,HIGH,False,,1,73,1
23,49-94-0048,100,HIGH,False,,1,73,1
24,49-94-0053,100,HIGH,False,,1,73,1
25,49-94-0058,100,HIGH,False,,1,73,1
26,49-94-0063,100,HIGH,False,,1,73,1
27,49-94-0068,100,HIGH,False,,1,73,1
28,49-94-0073,100,HIGH,False,,1,73,1
29,49-94-0101,100,HIGH,False,,2,73,1
30,49-94-0107,100,HIGH,False,,2,73,1
31,49-94-0117,100,HIGH,False,,2,73,1
32,49-94-0123,100,HIGH,False,,2,73,1
33,49-94-0023,100,HIGH,False,,1,73,1
34,49-94-0121,100,HIGH,False,,3,73,1
35,49-94-0127,100,HIGH,False,,2,73,1
36,49-94-0137,100,HIGH,False,,2,73,1
37,49-94-0160,100,HIGH,False,,2,73,1
38,49-94-0223,100,HIGH,False,,2,73,1
39,49-94-0445,100,HIGH,False,,2,73,1
40,49-94-0803,100,HIGH,False,,1,68,1
41,49-94-0903,100,HIGH,False,,1,68,1
42,49-94-0907,100,HIGH,False,,1,68,1
43,49-94-0923,100,HIGH,False,,1,68,1
44,49-94-1900,100,HIGH,False,,1,73,1
45,49-94-1905,100,HIGH,False,,1,73,1
46,49-94-1915,100,HIGH,False,,1,73,1
47,49-94-1920,100,HIGH,False,,1,73,1
48,49-94-1925,100,HIGH,False,,1,73,1
49,49-94-1935,100,HIGH,False,,1,73,1
50,49-94-1940,100,HIGH,False,,1,73,1
51,49-94-0501,100,HIGH,False,,1,75,1
52,49-94-0503,100,HIGH,False,,1,75,1
53,49-94-0523,100,HIGH,False,,1,75,1
54,49-94-1955,100,HIGH,False,,1,75,1
55,49-94-1965,100,HIGH,False,,1,75,1
56,49-94-0513,100,HIGH,False,,1,75,1
57,49-94-0533,100,HIGH,False,,1,75,1
58,DFBLBLOMFN01G,85,HIGH,False,mobile_desc_short,1,57,1
59,1700-1PK-BB40,85,HIGH,False,mobile_desc_short,2,46,1
60,ASH-40-40-04,100,HIGH,False,,2,79,1
61,KDFM404KPS,85,HIGH,False,mobile_desc_short,15,57,1
62,PDSH4816AF,100,HIGH,False,,15,65,1
63,PDT715SYVFS,85,HIGH,False,mobile_desc_short,15,50,1
64,LDPH5554D,85,HIGH,False,mobile_desc_short,15,49,1
65,WDTS7024RZ,85,HIGH,False,mobile_desc_short,15,57,1
66,PDD415PYYFS,85,HIGH,False,mobile_desc_short,15,50,1
67,KDTS424SBE,85,HIGH,False,mobile_desc_short,15,57,1
68,KDTS324SPS,85,HIGH,False,mobile_desc_short,15,57,1
69,KDPS624SJP,85,HIGH,False,mobile_desc_short,15,57,1
70,KDTS624SBE,85,HIGH,False,mobile_desc_short,15,57,1
71,D519127,45,LOW,True,no_attributes|mobile_desc_short|sparse_input_desc|brand_unresolved,0,50,1
72,DF7004WE,85,HIGH,False,mobile_desc_short,2,58,1
73,DR7004BE,85,HIGH,False,mobile_desc_short,2,58,1
74,DV2000WE,85,HIGH,False,mobile_desc_short,2,58,1
75,DC5004WE,85,HIGH,False,mobile_desc_short,2,58,1
76,DC5004BE,85,HIGH,False,mobile_desc_short,2,58,1
77,WKE100HWA,85,HIGH,False,mobile_desc_short,1,53,1
78,FF7011WN,85,HIGH,False,mobile_desc_short,2,59,1
79,PTD70GBPTDG,85,HIGH,False,mobile_desc_short,2,45,1
80,PTD70GBSTWS,85,HIGH,False,mobile_desc_short,2,45,1
81,DR5004WG,85,HIGH,False,mobile_desc_short,2,58,1
82,DR7004BG,85,HIGH,False,mobile_desc_short,2,58,1
83,DR7004WG,85,HIGH,False,mobile_desc_short,2,58,1
84,DV2000WG,85,HIGH,False,mobile_desc_short,2,58,1
85,DC5004WG,85,HIGH,False,mobile_desc_short,2,58,1
86,DC5004BG,85,HIGH,False,mobile_desc_short,2,58,1
87,PTW705BSTWS,85,HIGH,False,mobile_desc_short,2,46,1
88,MVWP586GW,85,HIGH,False,mobile_desc_short,1,48,1
89,TV2000WN,60,MEDIUM,False,no_attributes|mobile_desc_short,0,59,1
90,TC5003BN,85,HIGH,False,mobile_desc_short,2,59,1
91,TR7006WN,85,HIGH,False,mobile_desc_short,2,59,1
92,TR7006BN,85,HIGH,False,mobile_desc_short,2,59,1
93,TR5006WN,85,HIGH,False,mobile_desc_short,2,59,1
94,05134545001,75,MEDIUM,False,no_attributes,0,61,1
95,LNL65301,45,LOW,True,no_attributes|mobile_desc_short|manufacturer_unresolved|brand_unresolved,0,29,1
96,25-A,80,HIGH,False,mobile_desc_short|brand_unresolved,1,45,1
97,38-E,55,LOW,True,no_attributes|mobile_desc_short|brand_unresolved,0,45,1
98,59-J,55,LOW,True,no_attributes|mobile_desc_short|brand_unresolved,0,45,1
99,44-A,55,LOW,True,no_attributes|mobile_desc_short|brand_unresolved,0,45,1
100,543302126,85,HIGH,False,mobile_desc_short,3,52,1
101,543302146,85,HIGH,False,mobile_desc_short,3,52,1
102,73019603,85,HIGH,False,mobile_desc_short,1,41,1
103,73019652,85,HIGH,False,mobile_desc_short,1,41,1
104,73019517,85,HIGH,False,mobile_desc_short,1,41,1
105,73019602,85,HIGH,False,mobile_desc_short,3,38,1
106,73019651,85,HIGH,False,mobile_desc_short,3,38,1
107,73019516,85,HIGH,False,mobile_desc_short,3,38,1
108,543300256,85,HIGH,False,mobile_desc_short,3,57,1
109,543300276,85,HIGH,False,mobile_desc_short,3,57,1
110,73045028,85,HIGH,False,mobile_desc_short,1,42,1
111,73045031,85,HIGH,False,mobile_desc_short,3,38,1
112,543340126,100,HIGH,False,,4,61,1
113,543340127,100,HIGH,False,,4,61,1
114,543340146,100,HIGH,False,,4,61,1
115,543340147,100,HIGH,False,,4,61,1
116,ADB15516CS,100,HIGH,False,,4,64,1
117,ADB15520CS,100,HIGH,False,,4,64,1
118,ADB15516EW,100,HIGH,False,,3,64,1
119,ADB15520EW,100,HIGH,False,,3,64,1
120,ADB15516MH,100,HIGH,False,,4,64,1
121,ADB15520MH,100,HIGH,False,,4,64,1
122,ADB15516WT,100,HIGH,False,,3,64,1
123,ADB15520WT,100,HIGH,False,,3,64,1
124,AGB15512CS,100,HIGH,False,,4,64,1
125,AGB15516CS,100,HIGH,False,,4,64,1
126,AGB15520CS,100,HIGH,False,,4,64,1
127,AGB15512EW,100,HIGH,False,,3,64,1
128,AGB15516EW,100,HIGH,False,,3,64,1
129,AGB15520EW,100,HIGH,False,,3,64,1
130,AGB15512MH,100,HIGH,False,,4,64,1
131,AGB15516MH,100,HIGH,False,,4,64,1
132,AGB15520MH,100,HIGH,False,,4,64,1
133,AGB15512WT,100,HIGH,False,,3,64,1
134,AGB15516WT,100,HIGH,False,,3,64,1
135,AGB15520WT,100,HIGH,False,,3,64,1
136,ADB15516AW,100,HIGH,False,,3,65,1
137,ADB15520AW,100,HIGH,False,,3,65,1
138,ADB15516CG,100,HIGH,False,,3,65,1
139,ADB15520CG,100,HIGH,False,,3,65,1
140,ADB15516FW,100,HIGH,False,,4,65,1
141,ADB15520FW,100,HIGH,False,,4,65,1
142,AGB15512AW,100,HIGH,False,,3,65,1
143,AGB15516AW,100,HIGH,False,,3,65,1
144,AGB15520AW,100,HIGH,False,,3,65,1
145,AGB15512CG,100,HIGH,False,,3,65,1
146,AGB15516CG,100,HIGH,False,,3,65,1
147,AGB15520CG,100,HIGH,False,,3,65,1
148,AGB15512FW,100,HIGH,False,,4,65,1
149,AGB15516FW,100,HIGH,False,,4,65,1
150,AGB15520FW,100,HIGH,False,,4,65,1
151,ADCB15516BS,100,HIGH,False,,3,65,1
152,ADCB15520BS,100,HIGH,False,,3,65,1
153,ADCB15516SG,100,HIGH,False,,4,65,1
154,ADCB15520SG,100,HIGH,False,,4,65,1
155,AGB15512BS,100,HIGH,False,,3,64,1
156,AGB15516BS,100,HIGH,False,,3,64,1
157,AGB15520BS,100,HIGH,False,,3,64,1
158,AGB15512SG,100,HIGH,False,,4,64,1
159,AGB15516SG,100,HIGH,False,,4,64,1
160,AGB15520SG,100,HIGH,False,,4,64,1
161,543140016,100,HIGH,False,,1,70,1
162,543140020,100,HIGH,False,,1,70,1
163,543142016,100,HIGH,False,,1,70,1
164,543142020,100,HIGH,False,,1,70,1
165,543144016,100,HIGH,False,,1,70,1
166,543144020,100,HIGH,False,,1,70,1
167,543143016,100,HIGH,False,,1,70,1
168,543143020,100,HIGH,False,,1,70,1
169,543141016,100,HIGH,False,,1,70,1
170,543141020,100,HIGH,False,,1,70,1
171,543140412,100,HIGH,False,,1,70,1
172,543140416,100,HIGH,False,,1,70,1
173,543140420,100,HIGH,False,,1,70,1
174,543142412,100,HIGH,False,,1,70,1
175,543142416,100,HIGH,False,,1,70,1
176,543142420,100,HIGH,False,,1,70,1
177,543144412,100,HIGH,False,,1,70,1
178,543144416,100,HIGH,False,,1,70,1
179,543144420,100,HIGH,False,,1,70,1
180,543143412,100,HIGH,False,,1,70,1
181,543143416,100,HIGH,False,,1,70,1
182,543143420,100,HIGH,False,,1,70,1
183,543141412,100,HIGH,False,,1,70,1
184,543141416,100,HIGH,False,,1,70,1
185,543141420,100,HIGH,False,,1,70,1
186,1513703,100,HIGH,False,,1,72,1
187,1513704,100,HIGH,False,,1,72,1
188,1513705,100,HIGH,False,,1,72,1
189,1513706,100,HIGH,False,,1,72,1
190,1513707,100,HIGH,False,,1,72,1
191,1513708,100,HIGH,False,,1,72,1
192,1513709,100,HIGH,False,,1,72,1
193,1513710,100,HIGH,False,,1,72,1
194,1513711,100,HIGH,False,,1,72,1
195,1513712,100,HIGH,False,,1,72,1
196,1513717,100,HIGH,False,,1,71,1
197,1513718,100,HIGH,False,,1,71,1
198,1513719,100,HIGH,False,,1,71,1
199,1513720,100,HIGH,False,,1,71,1
200,1513721,100,HIGH,False,,1,71,1
201,1513724,100,HIGH,False,,1,70,1
202,1513725,100,HIGH,False,,1,70,1
203,1513726,100,HIGH,False,,1,70,1
204,1513727,100,HIGH,False,,1,70,1
205,1513728,100,HIGH,False,,1,70,1
206,543076016,100,HIGH,False,,1,73,1
207,543076020,100,HIGH,False,,1,73,1
208,543076412,100,HIGH,False,,1,73,1
209,543076416,100,HIGH,False,,1,73,1
210,543076420,100,HIGH,False,,1,73,1
211,1516870,100,HIGH,False,,1,71,1
212,1516871,100,HIGH,False,,1,71,1
213,1516872,100,HIGH,False,,1,71,1
214,1516873,100,HIGH,False,,1,71,1
215,1516874,100,HIGH,False,,1,71,1
216,1516879,100,HIGH,False,,1,70,1
217,1516880,100,HIGH,False,,1,70,1
218,1516881,100,HIGH,False,,1,70,1
219,1516882,100,HIGH,False,,1,70,1
220,1516883,100,HIGH,False,,1,70,1
221,543005016,100,HIGH,False,,1,71,1
222,543005020,100,HIGH,False,,1,71,1
223,543005412,100,HIGH,False,,1,71,1
224,543005416,100,HIGH,False,,1,71,1
225,543005420,100,HIGH,False,,1,71,1
226,1516891,100,HIGH,False,,1,69,1
227,1516892,100,HIGH,False,,1,69,1
228,1516893,100,HIGH,False,,1,69,1
229,1516894,100,HIGH,False,,1,69,1
230,1516895,100,HIGH,False,,1,69,1
231,543007016,100,HIGH,False,,1,71,1
232,543007020,100,HIGH,False,,1,71,1
233,543007412,100,HIGH,False,,1,71,1
234,543007416,100,HIGH,False,,1,71,1
235,543007420,100,HIGH,False,,1,71,1
236,ADR5117512CS,100,HIGH,False,,4,61,1
237,ADR5117512MH,100,HIGH,False,,4,61,1
238,ADR5117512WT,100,HIGH,False,,3,61,1
239,ADR5117512AW,100,HIGH,False,,3,62,1
240,ADR5117512CG,100,HIGH,False,,3,62,1
241,ADR5117512FW,100,HIGH,False,,4,62,1
242,1508395,85,HIGH,False,mobile_desc_short,3,56,1
243,1508396,85,HIGH,False,mobile_desc_short,4,56,1
244,ADCR5117512BS,100,HIGH,False,,3,62,1
245,ADCR5117512SG,100,HIGH,False,,4,62,1
246,543140908,100,HIGH,False,,2,68,1
247,543142908,100,HIGH,False,,2,68,1
248,543143908,100,HIGH,False,,2,68,1
249,543140912,100,HIGH,False,,2,68,1
250,543142912,100,HIGH,False,,2,68,1
251,543143912,100,HIGH,False,,2,68,1
252,1513715,100,HIGH,False,,2,70,1
253,1513716,100,HIGH,False,,2,70,1
254,1513722,100,HIGH,False,,2,71,1
255,1513723,100,HIGH,False,,2,71,1
256,1513729,100,HIGH,False,,2,70,1
257,1513730,100,HIGH,False,,2,70,1
258,543076916,100,HIGH,False,,2,73,1
259,1516876,100,HIGH,False,,2,71,1
260,543076936,100,HIGH,False,,2,73,1
261,1516878,100,HIGH,False,,2,71,1
262,1516884,100,HIGH,False,,2,70,1
263,1516885,100,HIGH,False,,2,70,1
264,543005916,100,HIGH,False,,2,60,1
265,1516902,85,HIGH,False,mobile_desc_short,2,58,1
266,543007916,100,HIGH,False,,2,60,1
267,543005936,100,HIGH,False,,2,60,1
268,1516905,85,HIGH,False,mobile_desc_short,2,58,1
269,543007936,100,HIGH,False,,2,60,1
270,543144908,100,HIGH,False,,2,68,1
271,543141908,100,HIGH,False,,2,68,1
272,543144912,100,HIGH,False,,2,68,1
273,543141912,100,HIGH,False,,2,68,1
274,1513713,100,HIGH,False,,2,70,1
275,1513714,100,HIGH,False,,2,70,1
276,73012503,85,HIGH,False,mobile_desc_short,3,51,1
277,73018131,70,MEDIUM,False,mobile_desc_short|manufacturer_unresolved|brand_unresolved,4,28,1
278,73018091,70,MEDIUM,False,mobile_desc_short|manufacturer_unresolved|brand_unresolved,3,28,1
279,73018066,70,MEDIUM,False,mobile_desc_short|manufacturer_unresolved|brand_unresolved,3,28,1
280,73018076,70,MEDIUM,False,mobile_desc_short|manufacturer_unresolved|brand_unresolved,2,21,1
281,61109087,70,MEDIUM,False,mobile_desc_short|manufacturer_unresolved|brand_unresolved,2,21,1
282,73018731,70,MEDIUM,False,mobile_desc_short|manufacturer_unresolved|brand_unresolved,2,21,1
283,61109090,70,MEDIUM,False,mobile_desc_short|manufacturer_unresolved|brand_unresolved,2,21,1
284,73053603,70,MEDIUM,False,mobile_desc_short|manufacturer_unresolved|brand_unresolved,1,21,1
285,73053608,70,MEDIUM,False,mobile_desc_short|manufacturer_unresolved|brand_unresolved,1,21,1
286,543340896,85,HIGH,False,mobile_desc_short,4,59,1
287,543340898,85,HIGH,False,mobile_desc_short,4,59,1
288,73272TBK,100,HIGH,False,,3,68,1
289,543302127,85,HIGH,False,mobile_desc_short,3,52,1
290,543302147,85,HIGH,False,mobile_desc_short,3,52,1
291,73019599,85,HIGH,False,mobile_desc_short,1,41,1
292,73019648,85,HIGH,False,mobile_desc_short,1,41,1
293,73019598,85,HIGH,False,mobile_desc_short,3,38,1
294,73019647,85,HIGH,False,mobile_desc_short,3,38,1
295,543300257,85,HIGH,False,mobile_desc_short,3,57,1
296,543300277,85,HIGH,False,mobile_desc_short,3,57,1
297,SPB-44BPL,70,MEDIUM,False,mobile_desc_short|manufacturer_unresolved|brand_unresolved,1,22,1
298,925219,100,HIGH,False,,1,71,1
299,27233,80,HIGH,False,mobile_desc_short|mpn_desc_mismatch,2,53,1
300,1517602,80,HIGH,False,mobile_desc_short|mpn_desc_mismatch,1,41,1
301,1517603,80,HIGH,False,mobile_desc_short|mpn_desc_mismatch,1,41,1
302,1517604,80,HIGH,False,mobile_desc_short|mpn_desc_mismatch,1,41,1
303,1517605,80,HIGH,False,mobile_desc_short|mpn_desc_mismatch,1,41,1
304,FS C01 2004S,85,HIGH,False,mobile_desc_short,2,48,1
305,FS C04 2004S,85,HIGH,False,mobile_desc_short,2,48,1
306,FS C06 2004S,85,HIGH,False,mobile_desc_short,2,48,1
307,1501831,80,HIGH,False,mobile_desc_short|mpn_desc_mismatch,3,51,1
308,1501832,80,HIGH,False,mobile_desc_short|mpn_desc_mismatch,3,51,1
309,1515974,100,HIGH,False,,2,67,1
310,640383,85,HIGH,False,mobile_desc_short,1,58,1
311,653258,85,HIGH,False,mobile_desc_short,1,58,1
312,413S-DBA-36,85,HIGH,False,mobile_desc_short,1,50,1
313,413S-DBA-72,85,HIGH,False,mobile_desc_short,1,50,1
314,1511506,85,HIGH,False,mobile_desc_short,1,58,1
315,1513577,80,HIGH,False,mobile_desc_short|brand_unresolved,1,49,1
316,1513578,80,HIGH,False,mobile_desc_short|brand_unresolved,1,49,1
317,1513579,75,MEDIUM,False,mobile_desc_short|brand_unresolved|mpn_desc_mismatch,1,49,1
318,1513580,80,HIGH,False,mobile_desc_short|brand_unresolved,1,49,1
319,1501767,100,HIGH,False,,1,72,1
320,PP-8BL,100,HIGH,False,,1,63,1
321,PP-10BL,100,HIGH,False,,1,64,1
322,PP-12BL,100,HIGH,False,,1,64,1
323,PP-8CH,100,HIGH,False,,1,63,1
324,PP-10CH,100,HIGH,False,,1,64,1
325,PP-12CH,100,HIGH,False,,1,64,1
326,PP-8WH,100,HIGH,False,,1,63,1
327,PP-10WH,100,HIGH,False,,1,64,1
328,1504345,80,HIGH,False,mobile_desc_short|brand_unresolved,2,54,1
329,2733,80,HIGH,False,mobile_desc_short|brand_unresolved,1,51,1
330,7547,70,MEDIUM,False,mobile_desc_short|manufacturer_unresolved|brand_unresolved,1,18,1
331,8912220,100,HIGH,False,,1,64,1
332,8904015,100,HIGH,False,,1,64,1
333,25796,85,HIGH,False,mobile_desc_short,2,54,1
334,40503,85,HIGH,False,mobile_desc_short,2,54,1
335,25825,85,HIGH,False,mobile_desc_short,2,54,1
336,25822,85,HIGH,False,mobile_desc_short,2,59,1
337,543650101,85,HIGH,False,mobile_desc_short,3,57,1
338,543650010,85,HIGH,False,mobile_desc_short,2,51,1
339,543650048,85,HIGH,False,mobile_desc_short,2,51,1
340,1506969,85,HIGH,False,mobile_desc_short,1,58,1
341,1514681,85,HIGH,False,mobile_desc_short,1,58,1
342,1514726,85,HIGH,False,mobile_desc_short,1,58,1
343,1728ABL,80,HIGH,False,mobile_desc_short|brand_unresolved,3,54,1
344,402-R,55,LOW,True,no_attributes|mobile_desc_short|brand_unresolved,0,43,1
345,SL1672,60,MEDIUM,False,no_attributes|mobile_desc_short,0,44,1
346,BM-DW20-YLW-6,100,HIGH,False,,1,69,1
347,BHA1-UPC,45,LOW,True,no_attributes|mobile_desc_short|sparse_input_desc|mpn_desc_mismatch,0,54,1
348,G1941-UPC,55,LOW,True,no_attributes|mobile_desc_short|mpn_desc_mismatch,0,55,1
349,G1950-UPC,85,HIGH,False,mobile_desc_short,1,59,1
350,A410RCAR,100,HIGH,False,,2,63,1
351,G1951-UPC,85,HIGH,False,mobile_desc_short,1,59,1
352,52C3-5/8-UPC,90,HIGH,False,sparse_input_desc,1,62,1
353,52C14-5/8-UPC,90,HIGH,False,sparse_input_desc,1,63,1
354,52C3-UPC,75,MEDIUM,False,mobile_desc_short|sparse_input_desc,1,58,1
355,54151-F-UPC,95,HIGH,False,mpn_desc_mismatch,1,61,1
356,54151-HUR-UPC,95,HIGH,False,mpn_desc_mismatch,1,63,1
357,54151-JR-UPC,85,HIGH,False,suspected_typo|mpn_desc_mismatch,1,62,1
358,54171-R-UPC,85,HIGH,False,sparse_input_desc|mpn_desc_mismatch,1,61,1
359,52151-S-UPC,95,HIGH,False,mpn_desc_mismatch,1,61,1
360,72171-3/4-1W-UPC,95,HIGH,False,mpn_desc_mismatch,1,66,1
361,5522-5EV,55,LOW,True,no_attributes|mobile_desc_short|brand_unresolved,0,39,1
362,AYCL-153PH-LA,60,MEDIUM,False,no_attributes|mobile_desc_short,0,55,1
363,AYCL-153PH-WH,85,HIGH,False,mobile_desc_short,2,55,1
364,D23LP-R02-1RW,95,HIGH,False,mpn_desc_mismatch,2,60,1
365,TNOCD002,85,HIGH,False,mobile_desc_short,1,46,1
366,TNDHD002,85,HIGH,False,mobile_desc_short,1,46,1
367,TNIDP12,85,HIGH,False,mobile_desc_short,1,45,1
368,TNIW24,85,HIGH,False,mobile_desc_short,1,44,1
369,65-1222,60,MEDIUM,False,no_attributes|mobile_desc_short,0,44,1
370,65-1224,60,MEDIUM,False,no_attributes|mobile_desc_short,0,51,1
371,45297BK,60,MEDIUM,False,no_attributes|mobile_desc_short,0,50,1
372,45573BK,60,MEDIUM,False,no_attributes|mobile_desc_short,0,50,1
373,37418A,60,MEDIUM,False,no_attributes|mobile_desc_short,0,49,1
374,37423A,60,MEDIUM,False,no_attributes|mobile_desc_short,0,49,1
375,45496BKCLR,60,MEDIUM,False,no_attributes|mobile_desc_short,0,53,1
376,45973BK,60,MEDIUM,False,no_attributes|mobile_desc_short,0,50,1
377,55155BK,60,MEDIUM,False,no_attributes|mobile_desc_short,0,50,1
378,55157CPZ,60,MEDIUM,False,no_attributes|mobile_desc_short,0,51,1
379,55184BK,60,MEDIUM,False,no_attributes|mobile_desc_short,0,50,1
380,55185BK,60,MEDIUM,False,no_attributes|mobile_desc_short,0,50,1
381,55186CH,60,MEDIUM,False,no_attributes|mobile_desc_short,0,50,1
382,55210NI,60,MEDIUM,False,no_attributes|mobile_desc_short,0,50,1
383,55211BK,60,MEDIUM,False,no_attributes|mobile_desc_short,0,50,1
384,55211NI,60,MEDIUM,False,no_attributes|mobile_desc_short,0,50,1
385,55212NI,60,MEDIUM,False,no_attributes|mobile_desc_short,0,50,1
386,55226BKLFU,55,LOW,True,no_attributes|mobile_desc_short|mpn_desc_mismatch,0,53,1
387,55239CPZLED,60,MEDIUM,False,no_attributes|mobile_desc_short,0,54,1
388,44072DBK,60,MEDIUM,False,no_attributes|mobile_desc_short,0,51,1
389,44073NI,60,MEDIUM,False,no_attributes|mobile_desc_short,0,50,1
390,52033BK,60,MEDIUM,False,no_attributes|mobile_desc_short,0,50,1
391,84322WH,60,MEDIUM,False,no_attributes|mobile_desc_short,0,50,1
392,52404BK,60,MEDIUM,False,no_attributes|mobile_desc_short,0,50,1
393,34686A,60,MEDIUM,False,no_attributes|mobile_desc_short,0,49,1
394,34687A,60,MEDIUM,False,no_attributes|mobile_desc_short,0,49,1
395,34688A,60,MEDIUM,False,no_attributes|mobile_desc_short,0,36,1
396,43671BKCLR,60,MEDIUM,False,no_attributes|mobile_desc_short,0,53,1
397,52616BK,60,MEDIUM,False,no_attributes|mobile_desc_short,0,50,1
398,52616NI,60,MEDIUM,False,no_attributes|mobile_desc_short,0,50,1
399,52678BK,60,MEDIUM,False,no_attributes|mobile_desc_short,0,50,1
400,52680CPZ,60,MEDIUM,False,no_attributes|mobile_desc_short,0,51,1
401,52772BK,60,MEDIUM,False,no_attributes|mobile_desc_short,0,50,1
402,82399,60,MEDIUM,False,no_attributes|mobile_desc_short,0,48,1
403,65-771R3,60,MEDIUM,False,no_attributes|mobile_desc_short,0,51,1
404,42955BK,100,HIGH,False,,1,62,1
405,42275BK,100,HIGH,False,,1,62,1
406,62-1850,85,HIGH,False,mobile_desc_short,1,58,1
407,62-1852,85,HIGH,False,mobile_desc_short,1,58,1
408,62-1875,85,HIGH,False,mobile_desc_short,3,58,1
409,62-1876,85,HIGH,False,mobile_desc_short,3,58,1
410,42296BK,100,HIGH,False,,1,62,1
411,43913BK,60,MEDIUM,False,no_attributes|mobile_desc_short,0,53,1
412,HLSMS9129FS1E,55,LOW,True,no_attributes|mobile_desc_short|brand_unresolved,0,52,1
413,64-110,60,MEDIUM,False,no_attributes|mobile_desc_short,0,50,1
414,603571,75,MEDIUM,False,no_attributes,0,63,1
415,65-572R1,80,HIGH,False,mobile_desc_short|mpn_desc_mismatch,1,52,1
416,52476AVI,60,MEDIUM,False,no_attributes|mobile_desc_short,0,54,1
417,42199BK,60,MEDIUM,False,no_attributes|mobile_desc_short,0,53,1
418,42199BKCS,60,MEDIUM,False,no_attributes|mobile_desc_short,0,55,1
419,42200BK,60,MEDIUM,False,no_attributes|mobile_desc_short,0,53,1
420,42200BKCS,60,MEDIUM,False,no_attributes|mobile_desc_short,0,55,1
421,43851BK,60,MEDIUM,False,no_attributes|mobile_desc_short,0,53,1
422,43852BK,60,MEDIUM,False,no_attributes|mobile_desc_short,0,53,1
423,43853BK,60,MEDIUM,False,no_attributes|mobile_desc_short,0,53,1
424,43905BK,60,MEDIUM,False,no_attributes|mobile_desc_short,0,53,1
425,43911BK,60,MEDIUM,False,no_attributes|mobile_desc_short,0,53,1
426,52529BK,60,MEDIUM,False,no_attributes|mobile_desc_short,0,53,1
427,52662BKCLR,60,MEDIUM,False,no_attributes|mobile_desc_short,0,56,1
428,52734CPZ,60,MEDIUM,False,no_attributes|mobile_desc_short,0,54,1
429,82400,60,MEDIUM,False,no_attributes|mobile_desc_short,0,51,1
430,S11606,85,HIGH,False,mobile_desc_short,1,44,1
431,S11828,60,MEDIUM,False,no_attributes|mobile_desc_short,0,44,1
432,801274,100,HIGH,False,,2,60,1
433,S11860,85,HIGH,False,mobile_desc_short,1,44,1
434,S11562,60,MEDIUM,False,no_attributes|mobile_desc_short,0,44,1
435,S11646,85,HIGH,False,mobile_desc_short,2,44,1
436,S11801R1,85,HIGH,False,mobile_desc_short,2,46,1
437,S11848,85,HIGH,False,mobile_desc_short,2,44,1
438,S11849,85,HIGH,False,mobile_desc_short,2,44,1
439,HLBSL609FS5,55,LOW,True,no_attributes|mobile_desc_short|brand_unresolved,0,49,1
440,WF4REGSWW590CRIMW,55,LOW,True,no_attributes|mobile_desc_short|brand_unresolved,0,47,1
441,43849WH5CCT,100,HIGH,False,,1,66,1
442,62-1777,85,HIGH,False,mobile_desc_short,3,58,1
443,62-1778,85,HIGH,False,mobile_desc_short,3,58,1
444,62-1784,85,HIGH,False,mobile_desc_short,2,58,1
445,62-1787,85,HIGH,False,mobile_desc_short,3,58,1
446,62-1788,85,HIGH,False,mobile_desc_short,3,58,1
447,SHOP/4X2/840/V1,100,HIGH,False,,1,65,1
448,45495BKCLR,60,MEDIUM,False,no_attributes|mobile_desc_short,0,53,1
449,55209NI,60,MEDIUM,False,no_attributes|mobile_desc_short,0,51,1
450,65-1210,60,MEDIUM,False,no_attributes|mobile_desc_short,0,50,1
451,65-1211,60,MEDIUM,False,no_attributes|mobile_desc_short,0,50,1
452,141465,100,HIGH,False,,2,62,1
453,391227,100,HIGH,False,,2,60,1
454,392225,100,HIGH,False,,2,62,1
455,S3539,85,HIGH,False,mobile_desc_short,1,44,1
456,S3496,85,HIGH,False,mobile_desc_short,1,42,1
457,467316,100,HIGH,False,,2,62,1
458,S3709,75,MEDIUM,False,mobile_desc_short|sparse_input_desc,2,42,1
459,S4720,75,MEDIUM,False,mobile_desc_short|sparse_input_desc,2,42,1
460,S3720,85,HIGH,False,mobile_desc_short,2,42,1
461,S3702,85,HIGH,False,mobile_desc_short,2,42,1
462,S3703,85,HIGH,False,mobile_desc_short,2,42,1
463,S3797,85,HIGH,False,mobile_desc_short,3,42,1
464,S4724,85,HIGH,False,mobile_desc_short,3,42,1
465,S4717,85,HIGH,False,mobile_desc_short,3,42,1
466,S3794,85,HIGH,False,mobile_desc_short,2,42,1
467,S3795,85,HIGH,False,mobile_desc_short,2,42,1
468,S4726,85,HIGH,False,mobile_desc_short,3,42,1
469,S11429,85,HIGH,False,mobile_desc_short,2,43,1
470,S21354,85,HIGH,False,mobile_desc_short,2,43,1
471,S21363,85,HIGH,False,mobile_desc_short,2,43,1
472,S11445,85,HIGH,False,mobile_desc_short,2,43,1
473,567313,100,HIGH,False,,3,60,1
474,586875,100,HIGH,False,,2,60,1
475,576355,100,HIGH,False,,1,60,1
476,576363,100,HIGH,False,,1,60,1
477,565374,100,HIGH,False,,3,60,1
478,565390,100,HIGH,False,,3,60,1
479,576371,100,HIGH,False,,1,60,1
480,576496,100,HIGH,False,,2,60,1
481,564856,100,HIGH,False,,3,60,1
482,565796,100,HIGH,False,,2,60,1
483,576389,100,HIGH,False,,1,60,1
484,564492,100,HIGH,False,,3,60,1
485,603449,85,HIGH,False,mobile_desc_short,3,56,1
486,586909,100,HIGH,False,,2,60,1
487,566364,100,HIGH,False,,3,60,1
488,576397,95,HIGH,False,mpn_desc_mismatch,1,60,1
489,571497,100,HIGH,False,,2,60,1
490,576306,100,HIGH,False,,2,60,1
491,588533,100,HIGH,False,,2,60,1
492,576520,100,HIGH,False,,2,60,1
493,574004,100,HIGH,False,,3,60,1
494,574012,100,HIGH,False,,3,60,1
495,573971,100,HIGH,False,,3,60,1
496,573989,100,HIGH,False,,3,60,1
497,576769,100,HIGH,False,,2,60,1
498,567446,100,HIGH,False,,3,60,1
499,573997,100,HIGH,False,,3,60,1
500,571463,100,HIGH,False,,2,60,1
501,576512,100,HIGH,False,,2,60,1
502,581181,100,HIGH,False,,2,60,1
503,GT-CB-100C,80,HIGH,False,mobile_desc_short|mpn_desc_mismatch,1,52,1
504,566430,100,HIGH,False,,3,60,1
505,568337,100,HIGH,False,,2,60,1
506,565788,100,HIGH,False,,2,60,1
507,565770,100,HIGH,False,,2,60,1
508,573436,100,HIGH,False,,3,60,1
509,576538,100,HIGH,False,,2,60,1
510,573451,100,HIGH,False,,3,60,1
511,586883,100,HIGH,False,,2,60,1
512,586859,100,HIGH,False,,2,60,1
513,576488,100,HIGH,False,,2,60,1
514,575217,100,HIGH,False,,3,60,1
515,586479,100,HIGH,False,,1,60,1
516,571471,100,HIGH,False,,2,60,1
517,570762,100,HIGH,False,,3,60,1
518,533352,95,HIGH,False,mpn_desc_mismatch,2,60,1
519,573519,100,HIGH,False,,3,60,1
520,573378,100,HIGH,False,,3,60,1
521,565622,100,HIGH,False,,2,60,1
522,586891,100,HIGH,False,,2,60,1
523,585448,100,HIGH,False,,1,60,1
524,573444,100,HIGH,False,,3,60,1
525,566687,100,HIGH,False,,3,60,1
526,564385,100,HIGH,False,,3,60,1
527,566661,100,HIGH,False,,3,60,1
528,564898,100,HIGH,False,,3,60,1
529,538319,95,HIGH,False,mpn_desc_mismatch,2,60,1
530,576009,100,HIGH,False,,2,60,1
531,564450,100,HIGH,False,,3,60,1
532,572669,100,HIGH,False,,2,60,1
533,564906,100,HIGH,False,,3,60,1
534,573410,100,HIGH,False,,3,60,1
535,576504,100,HIGH,False,,2,60,1
536,576017,100,HIGH,False,,2,60,1
537,574392,100,HIGH,False,,3,60,1
538,576751,100,HIGH,False,,2,60,1
539,583161,100,HIGH,False,,2,60,1
540,566695,100,HIGH,False,,3,60,1
541,577007,100,HIGH,False,,2,60,1
542,566653,100,HIGH,False,,3,60,1
543,566679,100,HIGH,False,,3,60,1
544,573311,100,HIGH,False,,3,60,1
545,573394,100,HIGH,False,,3,60,1
546,573329,100,HIGH,False,,3,60,1
547,564930,100,HIGH,False,,3,60,1
548,565000,100,HIGH,False,,3,60,1
549,564922,100,HIGH,False,,3,60,1
550,573295,100,HIGH,False,,3,60,1
551,564914,100,HIGH,False,,3,60,1
552,573485,100,HIGH,False,,3,60,1
553,573337,100,HIGH,False,,3,60,1
554,544874,100,HIGH,False,,2,60,1
555,570846,100,HIGH,False,,3,60,1
556,565473,100,HIGH,False,,2,60,1
557,573402,100,HIGH,False,,3,60,1
558,573352,100,HIGH,False,,3,60,1
559,573428,100,HIGH,False,,3,60,1
560,573386,100,HIGH,False,,3,60,1
561,564948,100,HIGH,False,,3,60,1
562,573303,100,HIGH,False,,3,60,1
563,573188,100,HIGH,False,,2,60,1
564,573469,100,HIGH,False,,3,60,1
565,565671,100,HIGH,False,,2,60,1
566,573204,100,HIGH,False,,2,60,1
567,581199,100,HIGH,False,,2,60,1
568,565887,100,HIGH,False,,2,60,1
569,586867,100,HIGH,False,,2,60,1
570,568451,95,HIGH,False,mpn_desc_mismatch,3,60,1
571,568444,100,HIGH,False,,3,60,1
572,573196,100,HIGH,False,,2,60,1
573,564500,100,HIGH,False,,3,60,1
574,571513,100,HIGH,False,,1,60,1
575,588566,100,HIGH,False,,3,60,1
576,565655,100,HIGH,False,,2,60,1
577,565812,100,HIGH,False,,2,60,1
578,586917,100,HIGH,False,,3,60,1
579,46719,75,MEDIUM,False,mobile_desc_short|brand_unresolved|mpn_desc_mismatch,2,36,1
580,59061BSL,60,MEDIUM,False,no_attributes|mobile_desc_short,0,51,1
581,59062BSL,60,MEDIUM,False,no_attributes|mobile_desc_short,0,51,1
582,59124BKT,60,MEDIUM,False,no_attributes|mobile_desc_short,0,51,1
583,59025BK,60,MEDIUM,False,no_attributes|mobile_desc_short,0,53,1
584,DCL183,60,MEDIUM,False,no_attributes|mobile_desc_short,0,54,1
585,73020,85,HIGH,False,mobile_desc_short,2,47,1
586,NEB-FLT-1021,50,LOW,True,no_attributes|mobile_desc_short|brand_unresolved|mpn_desc_mismatch,0,36,1
587,NEB-FLT-0053,50,LOW,True,no_attributes|mobile_desc_short|brand_unresolved|mpn_desc_mismatch,0,36,1
588,97708,60,MEDIUM,False,no_attributes|mobile_desc_short,0,55,1
589,WORK6000XLTPPLUG,70,MEDIUM,False,no_attributes|mpn_desc_mismatch,0,66,1
590,HOM2040M200PRB,100,HIGH,False,,1,65,1
591,HOM3060L225PGC,75,MEDIUM,False,no_attributes,0,65,1
592,QO612L100RBCP,100,HIGH,False,,1,64,1
593,13093005,85,HIGH,False,mobile_desc_short,1,48,1
594,12-4 SO,45,LOW,True,no_attributes|mobile_desc_short|manufacturer_unresolved|brand_unresolved,0,13,1
595,96263-46-06,60,MEDIUM,False,no_attributes|mobile_desc_short,0,51,1
596,R50003-ID,60,MEDIUM,False,no_attributes|mobile_desc_short,0,49,1
597,10-4 SO,60,MEDIUM,False,no_attributes|mobile_desc_short,0,47,1
598,23346-0408,45,LOW,True,no_attributes|mobile_desc_short|manufacturer_unresolved|brand_unresolved,0,16,1
599,2/2/4 UD ALUM,80,HIGH,False,mobile_desc_short|mpn_desc_mismatch,1,53,1
600,55418901,80,HIGH,False,mobile_desc_short|mpn_desc_mismatch,1,48,1
601,CG50K,55,LOW,True,no_attributes|mobile_desc_short|brand_unresolved,0,47,1
602,R02-D215P-1RW,95,HIGH,False,mpn_desc_mismatch,3,60,1
603,PBUC013,85,HIGH,False,mobile_desc_short,1,48,1
604,R00-GFNT1-00K,95,HIGH,False,mpn_desc_mismatch,2,60,1
605,R92-GFWT1-0KW,95,HIGH,False,mpn_desc_mismatch,3,65,1
606,R12-AGTR1-0KW,95,HIGH,False,mpn_desc_mismatch,3,65,1
607,R62-GFTA1-0KW,95,HIGH,False,mpn_desc_mismatch,3,65,1
608,165-04729-00C,80,HIGH,False,mobile_desc_short|mpn_desc_mismatch,2,58,1
609,161-04720-00C,80,HIGH,False,mobile_desc_short|mpn_desc_mismatch,2,58,1
610,R02-GUAC1-0BW,95,HIGH,False,mpn_desc_mismatch,3,62,1
611,R56-CBR15-00T,95,HIGH,False,mpn_desc_mismatch,1,60,1
612,R20-05378-P00,60,MEDIUM,False,no_attributes|suspected_typo|mpn_desc_mismatch,0,60,1
613,WC1V12W-SG-UPC,95,HIGH,False,mpn_desc_mismatch,2,60,1
614,R51-GSRA1-THD,95,HIGH,False,mpn_desc_mismatch,1,65,1
615,R62-CBR15-00W,95,HIGH,False,mpn_desc_mismatch,3,60,1
616,S03-05226-IS,55,LOW,True,no_attributes|mobile_desc_short|mpn_desc_mismatch,0,59,1
617,174-0CSB3-15W,95,HIGH,False,mpn_desc_mismatch,2,60,1
618,R50-0SL13-000,95,HIGH,False,mpn_desc_mismatch,2,64,1
619,R52-0PJ13-00W,95,HIGH,False,mpn_desc_mismatch,1,64,1
620,XOU2470BCGS,85,HIGH,False,mobile_desc_short,3,55,1
621,XOU24BCGSR,85,HIGH,False,mobile_desc_short,3,54,1
622,XOU24WDZGBR,85,HIGH,False,mobile_desc_short,2,55,1
623,C7CDAAS3PD3,85,HIGH,False,mobile_desc_short,2,54,1
624,C7CDAAS4PW3,60,MEDIUM,False,no_attributes|mobile_desc_short,0,54,1
625,C7CDABS2RS3,60,MEDIUM,False,no_attributes|mobile_desc_short,0,54,1
626,C7CDABS3RD3,85,HIGH,False,mobile_desc_short,2,54,1
627,C7CDABS4RW3,60,MEDIUM,False,no_attributes|mobile_desc_short,0,54,1
628,C7CEBBS2RS3,85,HIGH,False,mobile_desc_short,3,58,1
629,C7CEBBS4RW3,85,HIGH,False,mobile_desc_short,2,58,1
630,C7CESAS2RS3,85,HIGH,False,mobile_desc_short,3,58,1
631,C7CESAS3RD3,85,HIGH,False,mobile_desc_short,2,58,1
632,C7CESAS4RW3,85,HIGH,False,mobile_desc_short,2,58,1
633,WOSP30100SS,85,HIGH,False,mobile_desc_short,3,38,1
634,MSER2090S,85,HIGH,False,mobile_desc_short,3,53,1
635,GCST16S1WSS,85,HIGH,False,mobile_desc_short,3,54,1
636,PCWK15C1WSS,60,MEDIUM,False,no_attributes|mobile_desc_short,0,54,1
637,SMC2266KS,100,HIGH,False,,2,73,1
638,SMD2479JS,100,HIGH,False,,2,73,1
639,PEP9030DTBB,85,HIGH,False,mobile_desc_short,2,47,1
640,CES700P3MD1,85,HIGH,False,mobile_desc_short,1,47,1
641,PS960YPFS,85,HIGH,False,mobile_desc_short,2,43,1
642,PB900YVFS,85,HIGH,False,mobile_desc_short,3,59,1
643,PCFE3080AF,100,HIGH,False,,2,60,1
644,SLER30524SS,100,HIGH,False,,3,66,1
645,LSEL6333ZE,60,MEDIUM,False,no_attributes|mobile_desc_short,0,45,1
646,KSES530SBE,85,HIGH,False,mobile_desc_short,1,52,1
647,GCFG3661AF,100,HIGH,False,,3,60,1
648,WSGS7530RZ,85,HIGH,False,mobile_desc_short,2,52,1
649,CHP90301TBB,85,HIGH,False,mobile_desc_short,2,49,1
650,CVM517P3RD1,85,HIGH,False,mobile_desc_short,1,56,1
651,PMOS1980AF,100,HIGH,False,,2,69,1
652,WMMS3330RZ,90,HIGH,False,suspected_typo,2,61,1
653,KMMF530PBE,100,HIGH,False,,1,61,1
654,JXGRILL1,60,MEDIUM,False,no_attributes|mobile_desc_short,0,48,1
655,C9TMA2S3PD3,85,HIGH,False,mobile_desc_short,2,49,1
656,C9TMA2S4PW3,60,MEDIUM,False,no_attributes|mobile_desc_short,0,49,1
657,C90AAAS2RS3,85,HIGH,False,mobile_desc_short,3,49,1
658,C9TMA2SP2PS3,80,HIGH,False,mobile_desc_short|mpn_desc_mismatch,3,50,1
659,GDE21EMKES,85,HIGH,False,mobile_desc_short,1,51,1
660,FCM16SLWW,85,HIGH,False,mobile_desc_short,1,45,1
661,GNE27JYMFS,85,HIGH,False,mobile_desc_short,3,51,1
662,CVE28DP3ND1,85,HIGH,False,mobile_desc_short,2,54,1
663,GNE25JMKES,85,HIGH,False,mobile_desc_short,1,51,1
664,PRFS2883AF,100,HIGH,False,,2,67,1
665,PAD28BYTFS,85,HIGH,False,mobile_desc_short,3,51,1
666,PGE29BYTFS,85,HIGH,False,mobile_desc_short,3,51,1
667,ERFD19CGCS,85,HIGH,False,mobile_desc_short,3,54,1
668,LT18S2100W,85,HIGH,False,mobile_desc_short,2,52,1
669,LT18S2100SS,80,HIGH,False,mobile_desc_short|mpn_desc_mismatch,3,53,1
670,EUF17CDBW,60,MEDIUM,False,no_attributes|mobile_desc_short,0,48,1
671,EUF21CDBW,60,MEDIUM,False,no_attributes|mobile_desc_short,0,48,1
672,TP-1935,45,LOW,True,no_attributes|mobile_desc_short|manufacturer_unresolved|brand_unresolved,0,17,1
673,K527APBXR,85,HIGH,False,mobile_desc_short,2,46,1
674,603150,80,HIGH,False,mobile_desc_short|brand_unresolved,1,43,1
675,d10cnk,85,HIGH,False,mobile_desc_short,1,36,1
676,e28cnkha,85,HIGH,False,mobile_desc_short,1,38,1
677,51334,85,HIGH,False,mobile_desc_short,1,47,1
678,59210,60,MEDIUM,False,no_attributes|mobile_desc_short,0,50,1
679,52485,85,HIGH,False,mobile_desc_short,1,50,1
680,52486,85,HIGH,False,mobile_desc_short,1,50,1
681,52487,85,HIGH,False,mobile_desc_short,1,50,1
682,52488,85,HIGH,False,mobile_desc_short,1,50,1
683,52655,85,HIGH,False,mobile_desc_short,1,50,1
684,59261,60,MEDIUM,False,no_attributes|mobile_desc_short,0,50,1
685,51731,85,HIGH,False,mobile_desc_short,1,50,1
686,XLC10ZW,60,MEDIUM,False,no_attributes|mobile_desc_short,0,43,1
687,HS-DA,60,MEDIUM,False,no_attributes|mobile_desc_short,0,33,1
688,73002252,70,MEDIUM,False,mobile_desc_short|manufacturer_unresolved|brand_unresolved,1,22,1
689,48-22-8396R,100,HIGH,False,,1,78,1
690,48-22-8397R,100,HIGH,False,,1,78,1
691,DCGG581B,85,HIGH,False,mobile_desc_short,1,56,1
692,DCGG581GD1,85,HIGH,False,mobile_desc_short,1,58,1
693,DWST41092,60,MEDIUM,False,no_attributes|mobile_desc_short,0,57,1
694,156436WHT,95,HIGH,False,mpn_desc_mismatch,2,69,1
695,173950TBK,80,HIGH,False,mobile_desc_short|brand_unresolved,3,55,1
696,173951TBK,80,HIGH,False,mobile_desc_short|brand_unresolved,3,55,1
697,173952TBK,80,HIGH,False,mobile_desc_short|brand_unresolved,3,55,1
698,1624157,85,HIGH,False,mobile_desc_short,1,42,1
699,40025,55,LOW,True,no_attributes|mobile_desc_short|brand_unresolved,0,43,1
700,48-22-3301,75,MEDIUM,False,no_attributes,0,75,1
701,48-22-3302,75,MEDIUM,False,no_attributes,0,75,1
702,48-22-3303,75,MEDIUM,False,no_attributes,0,75,1
703,TSDKAP218-G2,100,HIGH,False,,1,60,1
704,XPAP418,85,HIGH,False,mobile_desc_short,1,55,1
705,XDAP419,85,HIGH,False,mobile_desc_short,1,55,1
706,XB11PCVS,60,MEDIUM,False,no_attributes|mobile_desc_short,0,56,1
707,KB121VS,85,HIGH,False,mobile_desc_short,1,55,1
708,KB126VS,85,HIGH,False,mobile_desc_short,1,55,1
709,TC121VS,85,HIGH,False,mobile_desc_short,1,55,1
710,TC126VS,85,HIGH,False,mobile_desc_short,1,55,1
711,MK113MPAP,85,HIGH,False,mobile_desc_short,1,57,1
712,LS117MPAP,85,HIGH,False,mobile_desc_short,1,57,1
713,FE-EFX-6L,50,LOW,True,no_attributes|mobile_desc_short|brand_unresolved|mpn_desc_mismatch,0,59,1
714,FE-EFX-9L,50,LOW,True,no_attributes|mobile_desc_short|brand_unresolved|mpn_desc_mismatch,0,59,1
715,1046793,60,MEDIUM,False,no_attributes|mobile_desc_short,0,54,1
716,1046870,60,MEDIUM,False,no_attributes|mobile_desc_short,0,46,1
717,M701B-21L,100,HIGH,False,,1,66,1
718,M701B-21M,100,HIGH,False,,1,66,1
719,M701B-21S,100,HIGH,False,,1,66,1
720,M701B-21XL,100,HIGH,False,,1,67,1
721,MWUG42010124,80,HIGH,False,mobile_desc_short|brand_unresolved,1,39,1
722,MWUG42010224,80,HIGH,False,mobile_desc_short|brand_unresolved,1,39,1
723,MWUG42010324,80,HIGH,False,mobile_desc_short|brand_unresolved,1,39,1
724,MWUG42010424,85,HIGH,False,mobile_desc_short,1,43,1
725,MWUG42010524,80,HIGH,False,mobile_desc_short|brand_unresolved,1,39,1
726,MWUG42010624,80,HIGH,False,mobile_desc_short|brand_unresolved,1,39,1
727,MWUG36010225,80,HIGH,False,mobile_desc_short|brand_unresolved,1,39,1
728,MWUG36010325,80,HIGH,False,mobile_desc_short|brand_unresolved,1,39,1
729,MWUG36010425,85,HIGH,False,mobile_desc_short,1,43,1
730,MWUG36010525,80,HIGH,False,mobile_desc_short|brand_unresolved,1,39,1
731,MWUG36010625,80,HIGH,False,mobile_desc_short|brand_unresolved,1,39,1
732,DPG15,60,MEDIUM,False,no_attributes|mobile_desc_short,0,45,1
733,F200B-21L,100,HIGH,False,,1,73,1
734,F200B-21M,100,HIGH,False,,1,73,1
735,M200B-21L,100,HIGH,False,,1,73,1
736,M200B-21M,100,HIGH,False,,1,73,1
737,M200B-21XL,100,HIGH,False,,1,74,1
738,M200G-21L,100,HIGH,False,,1,73,1
739,M200G-21M,100,HIGH,False,,1,73,1
740,M200G-21XL,100,HIGH,False,,1,74,1
741,48-11-2330,75,MEDIUM,False,no_attributes,0,68,1
742,DCBP250C,70,MEDIUM,False,no_attributes|mpn_desc_mismatch,0,63,1
743,5328,60,MEDIUM,False,no_attributes|mobile_desc_short,0,46,1
744,3200-20,75,MEDIUM,False,no_attributes,0,74,1
745,3202-20,75,MEDIUM,False,no_attributes,0,74,1
746,3203-20,75,MEDIUM,False,no_attributes,0,74,1
747,BC-12300,85,HIGH,False,mobile_desc_short,1,54,1
748,BC-24600,85,HIGH,False,mobile_desc_short,1,54,1
749,DW08302CG,60,MEDIUM,False,no_attributes|mobile_desc_short,0,58,1
750,GCL165-42GL,70,MEDIUM,False,no_attributes|mpn_desc_mismatch,0,62,1
751,DW08802CG,60,MEDIUM,False,no_attributes|mobile_desc_short,0,58,1
752,DW088CG,60,MEDIUM,False,no_attributes|mobile_desc_short,0,56,1
753,DW089CG,85,HIGH,False,mobile_desc_short,1,56,1
754,DCLE34520GB,75,MEDIUM,False,no_attributes,0,60,1
755,DCLE34031B,60,MEDIUM,False,no_attributes|mobile_desc_short,0,59,1
756,DW0822CG,60,MEDIUM,False,no_attributes|mobile_desc_short,0,57,1
757,25459,55,LOW,True,no_attributes|mobile_desc_short|brand_unresolved,0,36,1
758,35459,55,LOW,True,no_attributes|mobile_desc_short|brand_unresolved,0,36,1
759,25759,55,LOW,True,no_attributes|mobile_desc_short|brand_unresolved,0,36,1
760,35112,55,LOW,True,no_attributes|mobile_desc_short|brand_unresolved,0,36,1
761,35115,55,LOW,True,no_attributes|mobile_desc_short|brand_unresolved,0,36,1
762,25168,60,MEDIUM,False,no_attributes|mobile_desc_short,0,56,1
763,35468,55,LOW,True,no_attributes|mobile_desc_short|brand_unresolved,0,36,1
764,35494,80,HIGH,False,mobile_desc_short|brand_unresolved,1,36,1
765,MLSQ0120,75,MEDIUM,False,no_attributes,0,65,1
766,MLSQ1120,100,HIGH,False,,1,65,1
767,55227,60,MEDIUM,False,no_attributes|mobile_desc_short,0,53,1
768,37300952,40,LOW,True,no_attributes|mobile_desc_short|manufacturer_unresolved|brand_unresolved|mpn_desc_mismatch,0,20,1
769,6008,60,MEDIUM,False,no_attributes|mobile_desc_short,0,54,1
770,6009,60,MEDIUM,False,no_attributes|mobile_desc_short,0,54,1
771,3000A,60,MEDIUM,False,no_attributes|mobile_desc_short,0,55,1
772,MID6630201US,60,MEDIUM,False,no_attributes|mobile_desc_short,0,43,1
773,DCF6202,75,MEDIUM,False,no_attributes,0,61,1
774,25468,55,LOW,True,no_attributes|mobile_desc_short|brand_unresolved,0,36,1
775,25762,55,LOW,True,no_attributes|mobile_desc_short|brand_unresolved,0,36,1
776,21839NN,60,MEDIUM,False,no_attributes|mobile_desc_short,0,35,1
777,VN56920,55,LOW,True,no_attributes|mobile_desc_short|brand_unresolved,0,40,1
778,133164,60,MEDIUM,False,no_attributes|mobile_desc_short,0,59,1
779,DWHT10993,60,MEDIUM,False,no_attributes|mobile_desc_short,0,52,1
780,DWHT10994,60,MEDIUM,False,no_attributes|mobile_desc_short,0,52,1
781,QB22RU,60,MEDIUM,False,no_attributes|mobile_desc_short,0,48,1
782,QB22KU,85,HIGH,False,mobile_desc_short,1,48,1
783,AVM6EV,45,LOW,True,no_attributes|mobile_desc_short|duplicate_mpn_group,0,39,2
784,AVM6EV,45,LOW,True,no_attributes|mobile_desc_short|duplicate_mpn_group,0,39,2
785,DSA0250B,60,MEDIUM,False,no_attributes|mobile_desc_short,0,43,1
786,DSA0375B,60,MEDIUM,False,no_attributes|mobile_desc_short,0,43,1
787,DSA0500B,60,MEDIUM,False,no_attributes|mobile_desc_short,0,43,1
788,42-04-9107,75,MEDIUM,False,no_attributes,0,67,1
789,48-22-9491,100,HIGH,False,,1,71,1
790,DWMT45422,85,HIGH,False,mobile_desc_short,1,57,1
791,DWMT45424,85,HIGH,False,mobile_desc_short,1,57,1
792,48-22-9483,100,HIGH,False,,1,71,1
793,48-22-9484,100,HIGH,False,,1,71,1
794,48-22-9485,100,HIGH,False,,1,71,1
795,48-44-2770,75,MEDIUM,False,no_attributes,0,74,1
796,IWHT48441RC,75,MEDIUM,False,no_attributes,0,66,1
797,XRU23SM1,60,MEDIUM,False,no_attributes|mobile_desc_short,0,52,1
798,XRU15PT1,60,MEDIUM,False,no_attributes|mobile_desc_short,0,52,1
799,XRU23Z,60,MEDIUM,False,no_attributes|mobile_desc_short,0,50,1
800,0887-20,75,MEDIUM,False,no_attributes,0,64,1
801,DCBL724B,60,MEDIUM,False,no_attributes|mobile_desc_short,0,52,1
802,2954-20,75,MEDIUM,False,no_attributes,0,73,1
803,2955-20,75,MEDIUM,False,no_attributes,0,73,1
804,9A-219-180,85,HIGH,False,mobile_desc_short,2,58,1
805,9A-219-120RP,100,HIGH,False,,2,60,1
806,3033-20,75,MEDIUM,False,no_attributes,0,71,1
807,3033-21,75,MEDIUM,False,no_attributes,0,71,1
808,3034-20,75,MEDIUM,False,no_attributes,0,71,1
809,D25333K,60,MEDIUM,False,no_attributes|mobile_desc_short,0,57,1
810,DCD803B,60,MEDIUM,False,no_attributes|mobile_desc_short,0,57,1
811,DCF860B,60,MEDIUM,False,no_attributes|mobile_desc_short,0,58,1
812,3401-20,75,MEDIUM,False,no_attributes,0,70,1
813,KPTDR050A,60,MEDIUM,False,no_attributes|mobile_desc_short,0,48,1
814,DCD1007B,60,MEDIUM,False,no_attributes|mobile_desc_short,0,58,1
815,DCD799B,60,MEDIUM,False,no_attributes|mobile_desc_short,0,57,1
816,58006,60,MEDIUM,False,no_attributes|mobile_desc_short,0,48,1
817,2909-20,75,MEDIUM,False,no_attributes,0,64,1
818,2909-21,75,MEDIUM,False,no_attributes,0,64,1
819,918200,85,HIGH,False,mobile_desc_short,1,50,1
820,2541-20,75,MEDIUM,False,no_attributes,0,64,1
821,DCN930B,60,MEDIUM,False,no_attributes|mobile_desc_short,0,51,1
822,DCN930P1,60,MEDIUM,False,no_attributes|mobile_desc_short,0,52,1
823,XNB04Z,85,HIGH,False,mobile_desc_short,1,42,1
824,XNB05Z,85,HIGH,False,mobile_desc_short,1,42,1
825,XNB06Z,85,HIGH,False,mobile_desc_short,1,42,1
826,XNB07Z,60,MEDIUM,False,no_attributes|mobile_desc_short,0,42,1
827,DZN930,75,MEDIUM,False,no_attributes,0,60,1
828,220USB25U,85,HIGH,False,mobile_desc_short,1,52,1
829,XRF03Z,60,MEDIUM,False,no_attributes|mobile_desc_short,0,47,1
830,220USBP5U,85,HIGH,False,mobile_desc_short,1,52,1
831,49-66-4567,100,HIGH,False,,1,74,1
832,IBMG90K003,85,HIGH,False,mobile_desc_short,1,57,1
833,IBPH250P15T,85,HIGH,False,mobile_desc_short,1,58,1
834,DPH12B,60,MEDIUM,False,no_attributes|mobile_desc_short,0,50,1
835,DPH135B,60,MEDIUM,False,no_attributes|mobile_desc_short,0,51,1
836,DPH21B,60,MEDIUM,False,no_attributes|mobile_desc_short,0,50,1
837,DPH22B,60,MEDIUM,False,no_attributes|mobile_desc_short,0,50,1
838,DPH235B,60,MEDIUM,False,no_attributes|mobile_desc_short,0,51,1
839,DPH26B,60,MEDIUM,False,no_attributes|mobile_desc_short,0,50,1
840,DPH2R1B,60,MEDIUM,False,no_attributes|mobile_desc_short,0,51,1
841,DPH31B,60,MEDIUM,False,no_attributes|mobile_desc_short,0,50,1
842,DPH32B,60,MEDIUM,False,no_attributes|mobile_desc_short,0,50,1
843,DPH335B,60,MEDIUM,False,no_attributes|mobile_desc_short,0,51,1
844,DSQ12B,60,MEDIUM,False,no_attributes|mobile_desc_short,0,50,1
845,DSQ22B,60,MEDIUM,False,no_attributes|mobile_desc_short,0,50,1
846,DSQ26B,60,MEDIUM,False,no_attributes|mobile_desc_short,0,50,1
847,DSQ32B,60,MEDIUM,False,no_attributes|mobile_desc_short,0,50,1
848,DT102B,60,MEDIUM,False,no_attributes|mobile_desc_short,0,50,1
849,DT152B,60,MEDIUM,False,no_attributes|mobile_desc_short,0,50,1
850,DT1535B,60,MEDIUM,False,no_attributes|mobile_desc_short,0,51,1
851,DT202B,60,MEDIUM,False,no_attributes|mobile_desc_short,0,50,1
852,DT2035B,60,MEDIUM,False,no_attributes|mobile_desc_short,0,51,1
853,DT206B,60,MEDIUM,False,no_attributes|mobile_desc_short,0,50,1
854,DT252B,50,LOW,True,no_attributes|mobile_desc_short|suspected_typo,0,50,1
855,DT2535B,60,MEDIUM,False,no_attributes|mobile_desc_short,0,51,1
856,DT256B,60,MEDIUM,False,no_attributes|mobile_desc_short,0,50,1
857,DT302B,60,MEDIUM,False,no_attributes|mobile_desc_short,0,50,1
858,DT402B,60,MEDIUM,False,no_attributes|mobile_desc_short,0,50,1
859,DDWSSB,60,MEDIUM,False,no_attributes|mobile_desc_short,0,48,1
860,191V02-0,85,HIGH,False,mobile_desc_short,1,53,1
861,XTS02Z,85,HIGH,False,mobile_desc_short,1,43,1
862,DCF809D1,60,MEDIUM,False,no_attributes|mobile_desc_short,0,59,1
863,2761-20,75,MEDIUM,False,no_attributes,0,71,1
864,2761-22,75,MEDIUM,False,no_attributes,0,65,1
865,3450-20,75,MEDIUM,False,no_attributes,0,71,1
866,KPTDV025A,60,MEDIUM,False,no_attributes|mobile_desc_short,0,49,1
867,3048-20,75,MEDIUM,False,no_attributes,0,71,1
868,3049-20,75,MEDIUM,False,no_attributes,0,71,1
869,2563-20,75,MEDIUM,False,no_attributes,0,71,1
870,DCF961B,60,MEDIUM,False,no_attributes|mobile_desc_short,0,58,1
871,DCF964B,60,MEDIUM,False,no_attributes|mobile_desc_short,0,58,1
872,2563P-20,75,MEDIUM,False,no_attributes,0,72,1
873,DCF921P2,60,MEDIUM,False,no_attributes|mobile_desc_short,0,59,1
874,XLT03Z,60,MEDIUM,False,no_attributes|mobile_desc_short,0,49,1
875,XLT04Z,60,MEDIUM,False,no_attributes|mobile_desc_short,0,49,1
876,XLT05Z,60,MEDIUM,False,no_attributes|mobile_desc_short,0,49,1
877,DCF510B,50,LOW,True,no_attributes|mobile_desc_short|suspected_typo,0,52,1
878,3052-20,65,MEDIUM,False,no_attributes|suspected_typo,0,65,1
879,3054-20,75,MEDIUM,False,no_attributes,0,65,1
880,DCF513EB,50,LOW,True,no_attributes|mobile_desc_short|suspected_typo,0,53,1
881,XVP01Z,60,MEDIUM,False,no_attributes|mobile_desc_short,0,44,1
882,DCM200B,85,HIGH,False,mobile_desc_short,1,49,1
883,DCG410B,60,MEDIUM,False,no_attributes|mobile_desc_short,0,52,1
884,DCG460B,60,MEDIUM,False,no_attributes|mobile_desc_short,0,52,1
885,DCG402B,60,MEDIUM,False,no_attributes|mobile_desc_short,0,52,1
886,3485-20,75,MEDIUM,False,no_attributes,0,65,1
887,DCG420B,60,MEDIUM,False,no_attributes|mobile_desc_short,0,52,1
888,DCG422B,60,MEDIUM,False,no_attributes|mobile_desc_short,0,52,1
889,924422,85,HIGH,False,mobile_desc_short,1,30,1
890,DCW620B,60,MEDIUM,False,no_attributes|mobile_desc_short,0,51,1
891,2535-20,75,MEDIUM,False,no_attributes,0,64,1
892,2837-20,75,MEDIUM,False,no_attributes,0,64,1
893,577728,60,MEDIUM,False,no_attributes|mobile_desc_short,0,36,1
894,577738,60,MEDIUM,False,no_attributes|mobile_desc_short,0,36,1
895,KPTRS500A,60,MEDIUM,False,no_attributes|mobile_desc_short,0,42,1
896,24-35M-320,85,HIGH,False,mobile_desc_short,1,49,1
897,9A-129-120,85,HIGH,False,mobile_desc_short,2,58,1
898,578800,85,HIGH,False,mobile_desc_short,1,44,1
899,578801,85,HIGH,False,mobile_desc_short,1,44,1
900,578802,85,HIGH,False,mobile_desc_short,1,44,1
901,578808,85,HIGH,False,mobile_desc_short,1,44,1
902,578809,85,HIGH,False,mobile_desc_short,1,44,1
903,578810,85,HIGH,False,mobile_desc_short,1,44,1
904,578811,85,HIGH,False,mobile_desc_short,1,44,1
905,578192,60,MEDIUM,False,no_attributes|mobile_desc_short,0,44,1
906,578806,60,MEDIUM,False,no_attributes|mobile_desc_short,0,44,1
907,D0860X,60,MEDIUM,False,no_attributes|mobile_desc_short,0,44,1
908,48-40-0740,100,HIGH,False,,1,70,1
909,48-41-0740,75,MEDIUM,False,no_attributes,0,70,1
910,A-96095,60,MEDIUM,False,no_attributes|mobile_desc_short,0,46,1
911,D0760UX,60,MEDIUM,False,no_attributes|mobile_desc_short,0,45,1
912,230.312.08,60,MEDIUM,False,no_attributes|mobile_desc_short,0,38,1
913,D0708LF,85,HIGH,False,mobile_desc_short,2,44,1
914,D1012LF,85,HIGH,False,mobile_desc_short,2,44,1
915,D1216LF,85,HIGH,False,mobile_desc_short,2,44,1
916,DWA47421,60,MEDIUM,False,no_attributes|mobile_desc_short,0,59,1
917,DWA4769,85,HIGH,False,mobile_desc_short,1,58,1
918,49-93-9204,75,MEDIUM,False,no_attributes,0,74,1
919,49-93-9207,75,MEDIUM,False,no_attributes,0,74,1
920,49-93-9210,75,MEDIUM,False,no_attributes,0,74,1
921,49-93-9202,75,MEDIUM,False,no_attributes,0,74,1
922,49-93-9205,75,MEDIUM,False,no_attributes,0,74,1
923,49-22-4702,100,HIGH,False,,1,69,1
924,DJT155HHM,60,MEDIUM,False,no_attributes|mobile_desc_short,0,47,1
925,790.82,80,HIGH,False,mobile_desc_short|mpn_desc_mismatch,1,32,1
926,794.321,85,HIGH,False,mobile_desc_short,1,33,1
927,49-22-5641,100,HIGH,False,,1,78,1
928,D0604TSH,60,MEDIUM,False,no_attributes|mobile_desc_short,0,46,1
929,D0620TSR,60,MEDIUM,False,no_attributes|mobile_desc_short,0,46,1
930,D0648TSF,60,MEDIUM,False,no_attributes|mobile_desc_short,0,46,1
931,D0652TSL,60,MEDIUM,False,no_attributes|mobile_desc_short,0,46,1
932,JT1-549,85,HIGH,False,mobile_desc_short,2,42,1
933,JT1-1371,80,HIGH,False,mobile_desc_short|mpn_desc_mismatch,1,43,1
934,JT9-714400K,55,LOW,True,no_attributes|mobile_desc_short|mpn_desc_mismatch,0,46,1
935,2834-21HD,75,MEDIUM,False,no_attributes,0,72,1
936,DCS383B,60,MEDIUM,False,no_attributes|mobile_desc_short,0,57,1
937,DCS590B,60,MEDIUM,False,no_attributes|mobile_desc_short,0,57,1
938,KPTCS725A,60,MEDIUM,False,no_attributes|mobile_desc_short,0,48,1
939,KPTCS450A,60,MEDIUM,False,no_attributes|mobile_desc_short,0,48,1
940,2545-20,75,MEDIUM,False,no_attributes,0,65,1
941,KPTJS100A,60,MEDIUM,False,no_attributes|mobile_desc_short,0,43,1
942,DCS714B,60,MEDIUM,False,no_attributes|mobile_desc_short,0,54,1
943,DCS785B,60,MEDIUM,False,no_attributes|mobile_desc_short,0,54,1
944,GSL02M1,60,MEDIUM,False,no_attributes|mobile_desc_short,0,46,1
945,DW7029,60,MEDIUM,False,no_attributes|mobile_desc_short,0,53,1
946,DCS384B,75,MEDIUM,False,no_attributes,0,62,1
947,XRJ08Z,60,MEDIUM,False,no_attributes|mobile_desc_short,0,53,1
948,G0771Z,60,MEDIUM,False,no_attributes|mobile_desc_short,0,55,1
949,TS1017,60,MEDIUM,False,no_attributes|mobile_desc_short,0,55,1
950,XT524,55,LOW,True,no_attributes|mobile_desc_short|brand_unresolved,0,36,1
951,XT536,55,LOW,True,no_attributes|mobile_desc_short|brand_unresolved,0,36,1
952,XT546,55,LOW,True,no_attributes|mobile_desc_short|brand_unresolved,0,36,1
953,XTP235,55,LOW,True,no_attributes|mobile_desc_short|brand_unresolved,0,37,1
954,TGP2-FA,100,HIGH,False,,1,60,1
955,ATGI-FA,60,MEDIUM,False,no_attributes|mobile_desc_short,0,46,1
956,ATGP-FA,100,HIGH,False,,1,60,1
957,TGI2-FA,50,LOW,True,no_attributes|mobile_desc_short|suspected_typo,0,46,1
958,TGI2-T36A,60,MEDIUM,False,no_attributes|mobile_desc_short,0,48,1
959,KPTBPS100A,60,MEDIUM,False,no_attributes|mobile_desc_short,0,46,1
960,DCB606C,75,MEDIUM,False,no_attributes,0,62,1
961,BL1850BDC1,60,MEDIUM,False,no_attributes|mobile_desc_short,0,57,1
962,DCB205C,75,MEDIUM,False,no_attributes,0,62,1
963,DCB2108,60,MEDIUM,False,no_attributes|mobile_desc_short,0,52,1
964,DCB2108-2,85,HIGH,False,mobile_desc_short,1,54,1
965,VB0212,60,MEDIUM,False,no_attributes|mobile_desc_short,0,42,1
966,BCB2A20A,60,MEDIUM,False,no_attributes|mobile_desc_short,0,52,1
967,BATT4A,60,MEDIUM,False,no_attributes|mobile_desc_short,0,40,1
968,BATT2A,60,MEDIUM,False,no_attributes|mobile_desc_short,0,40,1
969,BL1850BDC2X1,60,MEDIUM,False,no_attributes|mobile_desc_short,0,59,1
970,48-11-2422,100,HIGH,False,,1,68,1
971,DCB1104,85,HIGH,False,mobile_desc_short,1,52,1
972,48-59-1804,75,MEDIUM,False,no_attributes,0,68,1
973,CRGR401A,60,MEDIUM,False,no_attributes|mobile_desc_short,0,42,1
974,48-59-1211,75,MEDIUM,False,no_attributes,0,68,1
975,2847-20,75,MEDIUM,False,no_attributes,0,65,1
976,DWV9401,85,HIGH,False,mobile_desc_short,1,55,1
977,578512,60,MEDIUM,False,no_attributes|mobile_desc_short,0,36,1
978,577871,60,MEDIUM,False,no_attributes|mobile_desc_short,0,36,1
979,577874,60,MEDIUM,False,no_attributes|mobile_desc_short,0,36,1
980,577876,60,MEDIUM,False,no_attributes|mobile_desc_short,0,36,1
981,578441,60,MEDIUM,False,no_attributes|mobile_desc_short,0,36,1
982,DCK225D2,60,MEDIUM,False,no_attributes|mobile_desc_short,0,59,1
983,DCK2101QQ2,100,HIGH,False,,1,65,1
984,4000-2/32,75,MEDIUM,False,no_attributes,0,61,1
985,3100-1/15,100,HIGH,False,,1,61,1
986,T-90043,60,MEDIUM,False,no_attributes|mobile_desc_short,0,51,1
987,T-90059,60,MEDIUM,False,no_attributes|mobile_desc_short,0,51,1
988,T-90065,60,MEDIUM,False,no_attributes|mobile_desc_short,0,51,1
989,10047VS,85,HIGH,False,mobile_desc_short,2,49,1
990,MAG:2044-230-1,50,LOW,True,no_attributes|mobile_desc_short|brand_unresolved|mpn_desc_mismatch,0,50,1
991,XTP242,55,LOW,True,no_attributes|mobile_desc_short|brand_unresolved,0,37,1
992,AAS-P,60,MEDIUM,False,no_attributes|mobile_desc_short,0,52,1
993,SSCMS,60,MEDIUM,False,no_attributes|mobile_desc_short,0,52,1
994,4225.201,60,MEDIUM,False,no_attributes|mobile_desc_short,0,51,1
995,KC-426C,60,MEDIUM,False,no_attributes|mobile_desc_short,0,45,1
996,10045.201,85,HIGH,False,mobile_desc_short,2,51,1
997,10014.201,85,HIGH,False,mobile_desc_short,2,51,1
998,4430.201,85,HIGH,False,mobile_desc_short,2,50,1
999,10055.201,85,HIGH,False,mobile_desc_short,2,51,1
1000,T27417,60,MEDIUM,False,no_attributes|mobile_desc_short,0,52,1
